datetime,temp,humidity,precip,windspeed,cloudcover
2023-09-01T00:00:00,15,99.93,0,5.4,50.4
2023-09-01T01:00:00,14.1,99.97,0,5.4,29.8
2023-09-01T02:00:00,14.1,99.96,0,3.6,97.6
2023-09-01T03:00:00,14,99.98,0,3.6,89.5
2023-09-01T04:00:00,14.1,99.98,0,5.4,29.4
2023-09-01T05:00:00,14,99.97,0,3.5,1.7
2023-09-01T06:00:00,14,100,0.019,5.4,89.6
2023-09-01T07:00:00,14.1,93.86,0.023,7.5,89.7
2023-09-01T08:00:00,15,99.95,0.777,9.3,99.9
2023-09-01T09:00:00,16,99.93,0.017,7.6,89.6
2023-09-01T10:00:00,16,99.8,0,18.2,89.5
2023-09-01T11:00:00,17,87.97,0.499,16.4,88.9
2023-09-01T12:00:00,17.1,82.31,0.002,23.8,49.5
2023-09-01T13:00:00,19,72.75,0,25.5,49.6
2023-09-01T14:00:00,20,60.15,0,23.9,49.6
2023-09-01T15:00:00,20,64.02,0,22.1,49.9
2023-09-01T16:00:00,19,59.83,0,22.1,49.6
2023-09-01T17:00:00,19,59.73,0,20.3,29.2
2023-09-01T18:00:00,19,59.8,0,20.3,28.9
2023-09-01T19:00:00,18,55.89,0,16.3,14.7
2023-09-01T20:00:00,17,63.73,0,7.5,38.5
2023-09-01T21:00:00,15,77.27,0,5.4,0
2023-09-01T22:00:00,13,87.6,0,7.5,2.3
2023-09-01T23:00:00,12.1,93.38,0,9.3,29.6
2023-09-02T00:00:00,12.1,93.34,0,9.3,14.4
2023-09-02T01:00:00,12,93.37,0,12.8,9.2
2023-09-02T02:00:00,10.1,93.23,0,11.1,9.9
2023-09-02T03:00:00,10.1,99.61,0,14.6,22.2
2023-09-02T04:00:00,10.1,93.31,0,12.9,76.8
2023-09-02T05:00:00,10.1,93.37,0.006,14.6,90
2023-09-02T06:00:00,11.1,93.49,0.016,16.4,90
2023-09-02T07:00:00,12,87.81,0.351,16.4,50.6
2023-09-02T08:00:00,11.1,99.9,0,16.5,99.9
2023-09-02T09:00:00,12.1,99.88,2.617,16.4,99.9
2023-09-02T10:00:00,13.1,93.62,0.019,16.4,89.7
2023-09-02T11:00:00,14,87.82,0,14.7,99.9
2023-09-02T12:00:00,15,82.45,0.018,18.1,89.6
2023-09-02T13:00:00,16,77.51,0.033,18.2,89.6
2023-09-02T14:00:00,15,87.97,1.948,18.2,89.6
2023-09-02T15:00:00,15,93.67,3.017,22.1,89.6
2023-09-02T16:00:00,16,93.6,0,12.9,89.4
2023-09-02T17:00:00,16,87.74,0,18.4,89.2
2023-09-02T18:00:00,16,87.72,0.707,18.2,89.4
2023-09-02T19:00:00,15,93.47,0,14.8,88.9
2023-09-02T20:00:00,15,87.88,0.003,14.7,50.1
2023-09-02T21:00:00,15,87.97,0.073,14.6,89.1
2023-09-02T22:00:00,14,93.55,0,13,49.3
2023-09-02T23:00:00,14,93.76,0,14.6,28.5
2023-09-03T00:00:00,13,93.71,0.016,12.8,0
2023-09-03T01:00:00,13,93.72,0,12.8,26
2023-09-03T02:00:00,12,99.93,0,14.5,29.1
2023-09-03T03:00:00,12,99.95,0.009,12.8,28.7
2023-09-03T04:00:00,11.1,99.98,0,12.8,28.9
2023-09-03T05:00:00,11.1,99.97,0,3.7,89.6
2023-09-03T06:00:00,11.1,99.98,0.008,3.7,50
2023-09-03T07:00:00,11.1,99.95,0,5.5,100
2023-09-03T08:00:00,11.1,99.93,0,7.5,89.2
2023-09-03T09:00:00,12.1,99.85,0,9.3,89.2
2023-09-03T10:00:00,13.1,99.78,0,9.3,89.4
2023-09-03T11:00:00,15,87.91,0.006,11.2,50.3
2023-09-03T12:00:00,17,82.46,0,11.2,49.8
2023-09-03T13:00:00,16.1,82.2,0.966,9.5,89.1
2023-09-03T14:00:00,17,82.07,0.011,14.8,89.2
2023-09-03T15:00:00,16.1,87.21,0,11.2,88.4
2023-09-03T16:00:00,18,72.3,0.29,18.1,49.3
2023-09-03T17:00:00,18,59.61,0,16.3,28.8
2023-09-03T18:00:00,18,55.94,0,9.3,24.6
2023-09-03T19:00:00,17,67.97,0,7.5,40.8
2023-09-03T20:00:00,17,77.5,0,0.1,25
2023-09-03T21:00:00,13.1,99.79,0,5.4,29
2023-09-03T22:00:00,13,87.86,0,7.5,28.5
2023-09-03T23:00:00,13,87.73,0,7.6,44.3
2023-09-04T00:00:00,12.1,93.47,0,5.6,28.6
2023-09-04T01:00:00,12.1,99.62,0,5.5,23.2
2023-09-04T02:00:00,12,99.82,0,7.5,6.8
2023-09-04T03:00:00,11,99.92,0,5.4,28.7
2023-09-04T04:00:00,10.1,99.88,0,1.9,90
2023-09-04T05:00:00,10.1,99.84,0,0.2,29.2
2023-09-04T06:00:00,10.1,99.9,0,12.8,69.6
2023-09-04T07:00:00,11.1,93.6,0,11,90
2023-09-04T08:00:00,12,93.61,0,11,45.9
2023-09-04T09:00:00,14,93.61,0,14.5,28.7
2023-09-04T10:00:00,15.1,87.76,0,12.8,29.4
2023-09-04T11:00:00,16.1,82.37,0,14.6,29.4
2023-09-04T12:00:00,17.1,82.35,0,16.6,29.7
2023-09-04T13:00:00,19,72.89,0,14.8,88.7
2023-09-04T14:00:00,19,72.88,0.006,7.8,88.6
2023-09-04T15:00:00,20,68.44,0,13.2,29.3
2023-09-04T16:00:00,20,68.51,0,20.5,50.1
2023-09-04T17:00:00,20,72.94,0,11.4,49.9
2023-09-04T18:00:00,19,72.86,0,22.1,89
2023-09-04T19:00:00,19,72.89,0,13,49.3
2023-09-04T20:00:00,17,82.55,0,7.6,28.7
2023-09-04T21:00:00,16,82.5,0,9.3,28.9
2023-09-04T22:00:00,15,87.89,0,11.1,49.4
2023-09-04T23:00:00,15,87.92,0,11.1,89.6
2023-09-05T00:00:00,15,93.77,0,12.8,89.2
2023-09-05T01:00:00,15,93.83,0,12.8,49.6
2023-09-05T02:00:00,15,93.86,0,11.1,50
2023-09-05T03:00:00,15,93.84,0,14.6,89.5
2023-09-05T04:00:00,15,93.81,0,16.4,89.6
2023-09-05T05:00:00,15,93.8,0,18.1,89.6
2023-09-05T06:00:00,16,88.13,0,20.3,99.9
2023-09-05T07:00:00,16,93.85,0,20.3,99.9
2023-09-05T08:00:00,16,93.81,0,22,100
2023-09-05T09:00:00,16.1,99.75,0,18.2,99.9
2023-09-05T10:00:00,17,93.74,0.001,18.3,99.9
2023-09-05T11:00:00,17,93.68,0,18.4,89.7
2023-09-05T12:00:00,19,82.81,0,20.5,89.6
2023-09-05T13:00:00,20,73.15,0.001,16.7,50.5
2023-09-05T14:00:00,21,68.79,0,27.7,29.3
2023-09-05T15:00:00,21,64.57,0,31.5,29
2023-09-05T16:00:00,22,64.77,0,33.3,28.6
2023-09-05T17:00:00,21,64.28,0,29.5,25
2023-09-05T18:00:00,19,77.61,0,31.6,88.5
2023-09-05T19:00:00,18,77.51,0,31.4,89
2023-09-05T20:00:00,17,82.56,0,24,100
2023-09-05T21:00:00,17,88.01,0,20.4,89.4
2023-09-05T22:00:00,17,93.71,0,20.5,99.4
2023-09-05T23:00:00,16,82.41,0,16.5,89.6
2023-09-06T00:00:00,15,77.08,0,14.8,70.2
2023-09-06T01:00:00,14,67.41,0,16.4,23.2
2023-09-06T02:00:00,14,72.04,0,12.9,29.2
2023-09-06T03:00:00,14,71.98,0,14.7,28.9
2023-09-06T04:00:00,14,72,0,13,29.8
2023-09-06T05:00:00,14,71.96,0,16.5,30
2023-09-06T06:00:00,15,67.58,0,18.2,29.4
2023-09-06T07:00:00,14,67.45,0,18.2,28.6
2023-09-06T08:00:00,14,71.96,0,18.2,49.3
2023-09-06T09:00:00,14,71.83,0,20.3,88.3
2023-09-06T10:00:00,15,63.03,0,20.4,49.7
2023-09-06T11:00:00,15,62.93,0,20.4,50
2023-09-06T12:00:00,15,58.88,0,20.4,50
2023-09-06T13:00:00,16,59.08,0,23.8,88.4
2023-09-06T14:00:00,16,63.12,0,23.9,49.3
2023-09-06T15:00:00,17,59.35,0,20.4,28.6
2023-09-06T16:00:00,17,59.33,0,23.9,28.6
2023-09-06T17:00:00,17,59.28,0,20.5,28.7
2023-09-06T18:00:00,17,59.35,0,20.4,28.5
2023-09-06T19:00:00,17,55.69,0,18.2,0
2023-09-06T20:00:00,16,59.39,0,18.1,0
2023-09-06T21:00:00,16,63.58,0,11.1,0
2023-09-06T22:00:00,16,67.86,0,12.9,28.5
2023-09-06T23:00:00,15.9,63.62,0,14.7,28.5
2023-09-07T00:00:00,15,67.71,0,9.4,0
2023-09-07T01:00:00,13.9,72.17,0,3.8,0
2023-09-07T02:00:00,14,72.06,0,5.5,0
2023-09-07T03:00:00,10,93.28,0,3.6,28.5
2023-09-07T04:00:00,8.1,99.58,0,3.6,0.4
2023-09-07T05:00:00,9,99.62,0,7.4,0.4
2023-09-07T06:00:00,8.1,99.58,0,3.6,28.5
2023-09-07T07:00:00,9.1,93.18,0,1.9,28.5
2023-09-07T08:00:00,10,93.25,0,3.6,88.2
2023-09-07T09:00:00,13,82,0,5.4,28.5
2023-09-07T10:00:00,15,67.57,0,14.6,49.3
2023-09-07T11:00:00,14.1,71.78,0,14.6,50
2023-09-07T12:00:00,16,67.6,0,12.8,29.2
2023-09-07T13:00:00,16,63.26,0,12.9,28.9
2023-09-07T14:00:00,17,63.34,0,16.5,28.7
2023-09-07T15:00:00,17,67.78,0,16.6,24.5
2023-09-07T16:00:00,18,63.63,0,20.5,28.9
2023-09-07T17:00:00,17,67.67,0,22.1,49.4
2023-09-07T18:00:00,17,67.7,0,20.3,28.5
2023-09-07T19:00:00,16,76.89,0,20.3,28.5
2023-09-07T20:00:00,15,82.12,0,16.4,0
2023-09-07T21:00:00,15,82.3,0,11.2,49.9
2023-09-07T22:00:00,14,87.7,0,9.4,43.4
2023-09-07T23:00:00,13,93.47,0,5.4,90
2023-09-08T00:00:00,13,87.74,0,5.5,75.3
2023-09-08T01:00:00,13,87.81,0,9.3,48.2
2023-09-08T02:00:00,13,87.83,0,7.6,49.9
2023-09-08T03:00:00,14,87.93,0,14.6,89
2023-09-08T04:00:00,14,87.95,0,7.6,89.4
2023-09-08T05:00:00,14,93.75,0,7.6,99.8
2023-09-08T06:00:00,14,93.76,0,5.4,89.6
2023-09-08T07:00:00,14,99.88,0,9.3,99.9
2023-09-08T08:00:00,15,93.76,0,11.1,100
2023-09-08T09:00:00,15,93.8,0,11.1,100
2023-09-08T10:00:00,15.1,99.79,0,11.2,99.9
2023-09-08T11:00:00,16.1,99.71,0.097,11.1,99.9
2023-09-08T12:00:00,18,88.13,0,9.4,89.6
2023-09-08T13:00:00,18,82.78,0,18.1,89.6
2023-09-08T14:00:00,18,82.72,0,12.9,89.4
2023-09-08T15:00:00,18,82.61,0,12.8,89.5
2023-09-08T16:00:00,18,82.58,0,11.1,88.8
2023-09-08T17:00:00,18,82.61,0,12.9,50.3
2023-09-08T18:00:00,18,82.59,0,9.4,49.9
2023-09-08T19:00:00,18,82.61,0,9.3,28.8
2023-09-08T20:00:00,17,88.05,0,7.5,29
2023-09-08T21:00:00,16,93.75,0,1.8,90
2023-09-08T22:00:00,14.1,99.86,0,3.6,68.3
2023-09-08T23:00:00,14.1,99.86,0,1.8,88.7
2023-09-09T00:00:00,13.1,99.93,0,1.8,50.1
2023-09-09T01:00:00,13.1,99.92,0,3.6,95.9
2023-09-09T02:00:00,13.1,93.67,0,9.2,90
2023-09-09T03:00:00,13,99.96,0,5.4,100
2023-09-09T04:00:00,13.1,93.74,0,3.7,50.5
2023-09-09T05:00:00,13,99.99,0,1.9,29.4
2023-09-09T06:00:00,13,93.73,0,1.9,65.3
2023-09-09T07:00:00,12,93.67,0,7.6,89.6
2023-09-09T08:00:00,13,99.96,0,7.6,99.6
2023-09-09T09:00:00,14,99.94,0,9.2,99.9
2023-09-09T10:00:00,14.1,99.82,0,9.3,99.9
2023-09-09T11:00:00,15.1,93.73,0,11,99.9
2023-09-09T12:00:00,16,87.98,0,9.3,99.9
2023-09-09T13:00:00,17,82.56,0,9.3,99.9
2023-09-09T14:00:00,17,82.52,0,11.1,99.9
2023-09-09T15:00:00,18,77.57,0,3.7,89.7
2023-09-09T16:00:00,18,77.57,0,7.5,89.7
2023-09-09T17:00:00,19,77.76,0,5.4,89.7
2023-09-09T18:00:00,19,73.03,0,7.5,89.7
2023-09-09T19:00:00,19,77.8,0,11,89.6
2023-09-09T20:00:00,17,88.08,0,9.2,50.3
2023-09-09T21:00:00,16,93.74,0,5.4,88.4
2023-09-09T22:00:00,16,93.79,0,3.7,88.4
2023-09-09T23:00:00,15,93.84,0,5.4,28.8
2023-09-10T00:00:00,14,99.89,0,5.4,36.7
2023-09-10T01:00:00,14,99.91,0,5.4,73.2
2023-09-10T02:00:00,14,99.91,0,7.6,90
2023-09-10T03:00:00,14,93.77,0,9.3,90
2023-09-10T04:00:00,14,93.77,0,9.3,74.3
2023-09-10T05:00:00,14,93.81,0,7.6,56.5
2023-09-10T06:00:00,14,93.79,0,5.5,48.2
2023-09-10T07:00:00,14,93.81,0,7.6,41.3
2023-09-10T08:00:00,14,99.95,0,9.4,57.6
2023-09-10T09:00:00,16,93.88,0,11.1,38.8
2023-09-10T10:00:00,16.1,93.77,0,12.9,29.8
2023-09-10T11:00:00,17.1,93.56,0,16.4,45.2
2023-09-10T12:00:00,19.1,82.65,0,16.3,74.3
2023-09-10T13:00:00,21,73.08,0,18.1,14.4
2023-09-10T14:00:00,23,68.99,0,18.1,69.1
2023-09-10T15:00:00,22,73.18,0,16.4,29.8
2023-09-10T16:00:00,23,64.86,0,14.6,50.3
2023-09-10T17:00:00,23,60.96,0,16.4,29.4
2023-09-10T18:00:00,22,73.32,0,12.9,28.9
2023-09-10T19:00:00,21,77.94,0,9.3,49.4
2023-09-10T20:00:00,20,82.91,0,9.3,28.7
2023-09-10T21:00:00,19,82.89,0,9.3,49.6
2023-09-10T22:00:00,18,88.23,0,12.8,28.8
2023-09-10T23:00:00,17,93.84,0,9.3,60.8
2023-09-11T00:00:00,16,93.87,0,3.6,48.2
2023-09-11T01:00:00,15,99.92,0,3.6,21.6
2023-09-11T02:00:00,14,99.96,0,3.6,28.6
2023-09-11T03:00:00,14,99.97,0,3.7,28.6
2023-09-11T04:00:00,12.1,100,0,3.6,95
2023-09-11T05:00:00,12,100,0,5.4,96.5
2023-09-11T06:00:00,12,100,0,3.6,96.8
2023-09-11T07:00:00,12,100,0,3.6,99.8
2023-09-11T08:00:00,13,100,0,3.6,98.4
2023-09-11T09:00:00,14,99.99,0,5.4,99.7
2023-09-11T10:00:00,15,99.96,0,5.4,99.2
2023-09-11T11:00:00,16.1,99.76,0,5.4,88.5
2023-09-11T12:00:00,18.1,93.56,0,5.4,49.4
2023-09-11T13:00:00,21,73.26,0,5.4,20.7
2023-09-11T14:00:00,23,65.02,0,9.3,13.8
2023-09-11T15:00:00,23.9,61.26,0,11.1,19.2
2023-09-11T16:00:00,23.9,61.25,0,9.3,28.6
2023-09-11T17:00:00,24,60.88,0,11.1,28.5
2023-09-11T18:00:00,24,57.19,0,9.3,2.5
2023-09-11T19:00:00,22,68.85,0,5.4,0
2023-09-11T20:00:00,19,88.28,0,5.4,2.3
2023-09-11T21:00:00,19,82.85,0,7.5,31.3
2023-09-11T22:00:00,18,88.36,0,5.4,5.2
2023-09-11T23:00:00,17,88.13,0,7.5,5.2
2023-09-12T00:00:00,17,88.22,0,7.5,49.8
2023-09-12T01:00:00,16,93.89,0,9.2,28.6
2023-09-12T02:00:00,15,99.98,0,7.5,24.5
2023-09-12T03:00:00,14,99.99,0,1.9,0
2023-09-12T04:00:00,14,93.72,0,1.8,0
2023-09-12T05:00:00,14,93.72,0,1.8,0
2023-09-12T06:00:00,13,93.67,0,3.6,0.4
2023-09-12T07:00:00,12.1,100,0,5.4,28.8
2023-09-12T08:00:00,13.1,99.99,0,3.6,28.7
2023-09-12T09:00:00,16,93.81,0,7.5,28.7
2023-09-12T10:00:00,18,88.26,0,5.4,28.8
2023-09-12T11:00:00,20,77.88,0,11.1,24.7
2023-09-12T12:00:00,21.9,73.7,0,16.4,28.9
2023-09-12T13:00:00,21,78.12,0,16.4,28.9
2023-09-12T14:00:00,20,82.87,0,14.6,28.8
2023-09-12T15:00:00,21,77.97,0,14.6,49.8
2023-09-12T16:00:00,22,73.39,0,16.5,49.6
2023-09-12T17:00:00,22,73.41,0,13,49.4
2023-09-12T18:00:00,22,73.42,0,12.9,28.5
2023-09-12T19:00:00,21,78.05,0,9.3,49.3
2023-09-12T20:00:00,20,83.05,0,7.5,0
2023-09-12T21:00:00,19,83.02,0,7.5,0
2023-09-12T22:00:00,18,88.17,0,11.1,0
2023-09-12T23:00:00,17,93.83,0,7.6,0
2023-09-13T00:00:00,16,93.81,0,9.3,33.8
2023-09-13T01:00:00,16,93.82,0.006,9.3,33.8
2023-09-13T02:00:00,16,93.89,0,9.3,28.3
2023-09-13T03:00:00,17,93.95,0,9.3,29.4
2023-09-13T04:00:00,16,93.93,0.004,9.3,29.2
2023-09-13T05:00:00,16,93.91,0,7.5,0.9
2023-09-13T06:00:00,16,100,0.966,11,29.6
2023-09-13T07:00:00,16,100,0,5.4,89.3
2023-09-13T08:00:00,17,99.99,0.002,5.4,89.7
2023-09-13T09:00:00,17,93.95,3.866,9.3,89.5
2023-09-13T10:00:00,17,99.97,0,7.5,89.7
2023-09-13T11:00:00,17.1,99.88,0.005,7.5,99.8
2023-09-13T12:00:00,18,93.91,0.392,7.5,99.9
2023-09-13T13:00:00,18,99.84,3.478,5.4,89.6
2023-09-13T14:00:00,18.1,99.83,0.01,11.1,89.3
2023-09-13T15:00:00,18.1,93.77,0.006,7.6,29.8
2023-09-13T16:00:00,19,93.79,0.966,9.4,89.2
2023-09-13T17:00:00,20,88.33,0,11.1,29.8
2023-09-13T18:00:00,19,88.23,0.003,9.4,89.6
2023-09-13T19:00:00,18,93.84,0.966,9.3,89.4
2023-09-13T20:00:00,18,93.86,0,7.6,89.6
2023-09-13T21:00:00,17,93.78,0,7.7,50.3
2023-09-13T22:00:00,17,93.79,0.003,11.4,99.9
2023-09-13T23:00:00,17,88.22,0.226,13.3,99.9
2023-09-14T00:00:00,16,93.81,2.888,13.2,99.8
2023-09-14T01:00:00,14.1,99.8,0.151,16.8,89.6
2023-09-14T02:00:00,14,99.77,3.055,18.6,89.6
2023-09-14T03:00:00,13.1,93.6,4.786,15,99.9
2023-09-14T04:00:00,13,93.6,0.042,18.5,99.9
2023-09-14T05:00:00,13,87.79,3.004,13.2,29.9
2023-09-14T06:00:00,14,87.81,0.034,11.4,99.9
2023-09-14T07:00:00,14,87.91,0,18.3,29.5
2023-09-14T08:00:00,14,87.82,0.386,16.7,89.3
2023-09-14T09:00:00,13,87.74,0.008,16.6,89
2023-09-14T10:00:00,14,87.78,0,14.9,89.5
2023-09-14T11:00:00,14,87.62,0,20.4,89.3
2023-09-14T12:00:00,15,82.12,0,18.4,89.4
2023-09-14T13:00:00,15,76.78,0,15,89
2023-09-14T14:00:00,16,72.18,0,16.5,49.8
2023-09-14T15:00:00,16,59.69,0,16.2,49.6
2023-09-14T16:00:00,17,59.3,0,16.5,94.7
2023-09-14T17:00:00,16,59.09,0,14.8,28.7
2023-09-14T18:00:00,16,55.27,0,14.7,28.5
2023-09-14T19:00:00,16,55.26,0,11.2,28.5
2023-09-14T20:00:00,16,55.53,0,5.5,49.3
2023-09-14T21:00:00,15,59.11,0,7.6,49.6
2023-09-14T22:00:00,14,63.04,0,5.5,29.4
2023-09-14T23:00:00,14.9,55.43,0,5.6,76.8
2023-09-15T00:00:00,14,67.43,0,7.6,90
2023-09-15T01:00:00,13.9,67.41,0,3.7,20.7
2023-09-15T02:00:00,12,76.58,0,3.6,0
2023-09-15T03:00:00,9.1,99.4,0,7.5,29
2023-09-15T04:00:00,10.1,93.03,0,3.6,49.3
2023-09-15T05:00:00,9.1,93.11,0,1.8,28.8
2023-09-15T06:00:00,8.1,99.51,0,3.6,0
2023-09-15T07:00:00,8.1,99.77,0,1.9,2.5
2023-09-15T08:00:00,9.1,99.71,0,3.6,28.5
2023-09-15T09:00:00,13,87.57,0,0.1,28.5
2023-09-15T10:00:00,14,76.87,0,7.5,28.5
2023-09-15T11:00:00,15,71.94,0,12.8,49.4
2023-09-15T12:00:00,15,71.77,0,11,50
2023-09-15T13:00:00,15,71.83,0,14.6,28.9
2023-09-15T14:00:00,15.1,62.76,0,14.6,28.7
2023-09-15T15:00:00,15.1,58.76,0,12.9,28.6
2023-09-15T16:00:00,16,55.18,0,14.6,28.6
2023-09-15T17:00:00,16,55.16,0,11.1,0
2023-09-15T18:00:00,16,58.99,0,12.8,0
2023-09-15T19:00:00,15,63.15,0,9.3,0
2023-09-15T20:00:00,12,87.41,0,1.9,0
2023-09-15T21:00:00,11,87.51,0,3.6,0
2023-09-15T22:00:00,10,87.43,0,3.6,0
2023-09-15T23:00:00,10,87.48,0,7.5,0
2023-09-16T00:00:00,10,81.89,0,11,2.5
2023-09-16T01:00:00,10,87.54,0,7.5,15.1
2023-09-16T02:00:00,9,93.46,0,11,12.4
2023-09-16T03:00:00,10,87.57,0,11,27.5
2023-09-16T04:00:00,10,93.46,0,12.8,7.7
2023-09-16T05:00:00,10,93.46,0,9.3,22.2
2023-09-16T06:00:00,11,87.64,0,14.6,35.7
2023-09-16T07:00:00,11,87.63,0,12.8,23.4
2023-09-16T08:00:00,11,87.6,0,12.9,18.4
2023-09-16T09:00:00,12.1,82.02,0,14.6,0
2023-09-16T10:00:00,15,72.26,0,16.4,0
2023-09-16T11:00:00,16,72.2,0,22,0
2023-09-16T12:00:00,17,63.39,0,25.7,28.5
2023-09-16T13:00:00,18,63.49,0,22.1,49.3
2023-09-16T14:00:00,19,55.91,0,23.9,49.6
2023-09-16T15:00:00,19,55.88,0,23.9,28.5
2023-09-16T16:00:00,19,52.44,0,25.6,28.6
2023-09-16T17:00:00,19,49.08,0,22.1,5.2
2023-09-16T18:00:00,18,55.74,0,18.2,0
2023-09-16T19:00:00,17,59.52,0,16.4,0
2023-09-16T20:00:00,15,67.62,0,9.3,0
2023-09-16T21:00:00,13,76.84,0,11.1,0
2023-09-16T22:00:00,12,81.94,0,9.3,0
2023-09-16T23:00:00,12,81.94,0,11.1,0
2023-09-17T00:00:00,11.1,87.44,0,11.1,0
2023-09-17T01:00:00,11.1,87.47,0,11.1,0
2023-09-17T02:00:00,10.1,93.37,0,11.1,9.2
2023-09-17T03:00:00,11,87.56,0,12.9,2.3
2023-09-17T04:00:00,11,87.61,0,11.1,0
2023-09-17T05:00:00,10.1,93.47,0,12.9,33.6
2023-09-17T06:00:00,10,93.53,0,14.6,20.9
2023-09-17T07:00:00,10,93.51,0,12.9,5.2
2023-09-17T08:00:00,11,93.54,0,14.6,88.2
2023-09-17T09:00:00,12.1,93.5,0,16.4,49.4
2023-09-17T10:00:00,14,87.8,0,22,29.3
2023-09-17T11:00:00,15,82.44,0.971,18.2,89.5
2023-09-17T12:00:00,15.1,87.87,0.002,18.4,29.8
2023-09-17T13:00:00,16,87.84,0,24,50.6
2023-09-17T14:00:00,15,82.24,0.997,20.4,89.6
2023-09-17T15:00:00,14.1,76.89,0.028,23.9,89.5
2023-09-17T16:00:00,15,67.47,0,20.3,88.8
2023-09-17T17:00:00,15,67.32,0,20.4,50.1
2023-09-17T18:00:00,15,62.91,0,16.5,49.9
2023-09-17T19:00:00,15,59.04,0,12.8,49.3
2023-09-17T20:00:00,14,63.02,0,11.1,28.5
2023-09-17T21:00:00,14,63.08,0,12.8,28.5
2023-09-17T22:00:00,13.9,63.12,0,9.4,28.5
2023-09-17T23:00:00,12.9,62.93,0,7.7,28.5
2023-09-18T00:00:00,12.9,62.95,0,11.2,28.5
2023-09-18T01:00:00,11.9,71.73,0,5.5,28.5
2023-09-18T02:00:00,11,76.44,0,3.7,28.5
2023-09-18T03:00:00,9,87.13,0,2,28.5
2023-09-18T04:00:00,7.1,93.01,0,0.1,0
2023-09-18T05:00:00,6,99.59,0,3.5,0
2023-09-18T06:00:00,5,93.11,0,1.9,28.5
2023-09-18T07:00:00,5,93.04,0,0.1,49.3
2023-09-18T08:00:00,6,93.14,0,0.1,49.3
2023-09-18T09:00:00,9,81.39,0,3.6,28.5
2023-09-18T10:00:00,12,76.32,0,1.9,0
2023-09-18T11:00:00,13,66.79,0,5.5,0
2023-09-18T12:00:00,14,62.66,0,12.8,28.5
2023-09-18T13:00:00,14,58.53,0,14.6,28.5
2023-09-18T14:00:00,14.1,58.45,0,11.1,28.5
2023-09-18T15:00:00,14.1,58.42,0,14.7,0
2023-09-18T16:00:00,15,54.89,0,14.7,0
2023-09-18T17:00:00,15,54.84,0,16.4,0
2023-09-18T18:00:00,14,58.63,0,14.7,0
2023-09-18T19:00:00,13,71.53,0,12.8,9.9
2023-09-18T20:00:00,11,76.46,0,11,0
2023-09-18T21:00:00,9.1,86.98,0,12.9,0
2023-09-18T22:00:00,8.1,86.97,0,9.4,0
2023-09-18T23:00:00,8.1,93.03,0,14.7,0
2023-09-19T00:00:00,8.1,86.98,0,13,0
2023-09-19T01:00:00,8.1,93.08,0,14.7,0
2023-09-19T02:00:00,7.1,99.56,0,11.2,0
2023-09-19T03:00:00,8.1,93.27,0,12.9,0
2023-09-19T04:00:00,8.1,93.35,0,11.1,28.5
2023-09-19T05:00:00,9.1,93.41,0,16.4,0
2023-09-19T06:00:00,9,93.5,0,12.9,0
2023-09-19T07:00:00,9.1,99.87,0,14.7,54
2023-09-19T08:00:00,10.1,93.6,0,16.5,90
2023-09-19T09:00:00,11.1,99.91,0,16.5,100
2023-09-19T10:00:00,12.1,99.88,0,18.2,100
2023-09-19T11:00:00,13.1,99.84,0,16.5,99.7
2023-09-19T12:00:00,15.1,93.55,0,20.3,89.3
2023-09-19T13:00:00,17.1,87.76,0,20.4,28.9
2023-09-19T14:00:00,19.1,82.61,0,20.4,50.7
2023-09-19T15:00:00,22,73.38,0,23.8,90
2023-09-19T16:00:00,22,73.59,0.023,22,89.4
2023-09-19T17:00:00,21,73.11,0,25.9,88
2023-09-19T18:00:00,18,93.88,0,14.8,88
2023-09-19T19:00:00,18,93.88,0,16.6,88
2023-09-19T20:00:00,17,93.84,0,20.5,88
2023-09-19T21:00:00,17,88.01,0,18.4,88
2023-09-19T22:00:00,16,87.92,0,24.1,88
2023-09-19T23:00:00,15,87.83,0,20.5,50
2023-09-20T00:00:00,15,87.83,0,20.5,50
2023-09-20T01:00:00,14,93.7,0,18.4,50
2023-09-20T02:00:00,14,87.74,0,18.4,50
2023-09-20T03:00:00,14,87.72,0,18.4,10
2023-09-20T04:00:00,13.1,92.83,0,19.9,29.8
2023-09-20T05:00:00,14.1,87.61,0,27.5,50.5
2023-09-20T06:00:00,15,82.25,0,31.4,89.7
2023-09-20T07:00:00,16,77.31,0,33.1,89.7
2023-09-20T08:00:00,16,82.38,0,31.5,89.7
2023-09-20T09:00:00,17,77.51,0,31.6,89.7
2023-09-20T10:00:00,16,88.02,0.811,33.2,99.9
2023-09-20T11:00:00,16,93.85,0.025,24.1,89.7
2023-09-20T12:00:00,16,93.81,3.138,26,100
2023-09-20T13:00:00,15,93.82,6.579,26,89.6
2023-09-20T14:00:00,15.1,99.89,0.066,18.5,89.7
2023-09-20T15:00:00,15.1,99.86,3.091,16.8,100
2023-09-20T16:00:00,16,93.87,0.018,14.9,100
2023-09-20T17:00:00,17,93.91,0.033,22.3,100
2023-09-20T18:00:00,17,93.91,0.869,22.4,100
2023-09-20T19:00:00,17,93.89,0.009,18.4,100
2023-09-20T20:00:00,16.9,93.94,0.255,20.2,100
2023-09-20T21:00:00,17,93.89,0.29,16.5,100
2023-09-20T22:00:00,17,93.89,0.002,18.3,100
2023-09-20T23:00:00,17,93.85,0.001,18.2,100
2023-09-21T00:00:00,16,93.81,0,18.2,99.9
2023-09-21T01:00:00,16,93.82,0,20.2,89.7
2023-09-21T02:00:00,16,93.83,0,20.3,89.7
2023-09-21T03:00:00,16,93.83,0,16.4,89.6
2023-09-21T04:00:00,16,93.83,0,16.4,89.6
2023-09-21T05:00:00,16,93.85,0,16.4,89.5
2023-09-21T06:00:00,16,93.81,0,12.9,50.7
2023-09-21T07:00:00,16,93.83,0,14.6,99.6
2023-09-21T08:00:00,16,93.84,0,20.2,89.7
2023-09-21T09:00:00,16,93.81,0,18.2,99.9
2023-09-21T10:00:00,17,88.09,0,22.1,89.4
2023-09-21T11:00:00,17.1,87.91,0,20.3,89.1
2023-09-21T12:00:00,18.1,87.69,0,20.4,50.1
2023-09-21T13:00:00,20,72.87,0,18.2,49.6
2023-09-21T14:00:00,20.1,72.76,0,18.2,89.1
2023-09-21T15:00:00,21,68.43,0,18.2,50
2023-09-21T16:00:00,21,68.37,0,20.3,49.5
2023-09-21T17:00:00,21,68.44,0,16.4,49.5
2023-09-21T18:00:00,21,68.46,0,16.3,28.8
2023-09-21T19:00:00,19,72.82,0,12.8,14.8
2023-09-21T20:00:00,18,77.64,0,7.5,19.8
2023-09-21T21:00:00,17,82.56,0,7.6,12.4
2023-09-21T22:00:00,16,87.78,0,7.6,0
2023-09-21T23:00:00,16,87.83,0,11.2,0
2023-09-22T00:00:00,16,82.44,0,11.2,0
2023-09-22T01:00:00,15,87.8,0,11.2,0
2023-09-22T02:00:00,15,87.82,0,12.9,0
2023-09-22T03:00:00,14.1,93.51,0,12.9,0
2023-09-22T04:00:00,14,93.6,0,12.9,0
2023-09-22T05:00:00,14,93.6,0,12.9,0
2023-09-22T06:00:00,13.1,93.56,0,12.9,0
2023-09-22T07:00:00,13,93.56,0,12.9,0
2023-09-22T08:00:00,13.1,93.56,0,12.9,0
2023-09-22T09:00:00,14.1,93.47,0,16.5,2.3
2023-09-22T10:00:00,16.1,82.32,0,14.7,0
2023-09-22T11:00:00,18,77.38,0,18.3,0
2023-09-22T12:00:00,20,72.82,0,18.3,0
2023-09-22T13:00:00,21,68.45,0,20.4,0
2023-09-22T14:00:00,22,64.39,0,23.9,0
2023-09-22T15:00:00,23,60.6,0,20.5,0
2023-09-22T16:00:00,24,57.12,0,18.3,0
2023-09-22T17:00:00,23,56.91,0,22.2,14.7
2023-09-22T18:00:00,23,60.73,0,18.2,22.2
2023-09-22T19:00:00,21,68.52,0,14.7,64
2023-09-22T20:00:00,20.1,72.82,0,14.7,69.3
2023-09-22T21:00:00,20,72.85,0,18.3,83.7
2023-09-22T22:00:00,21,68.66,0,20.4,62.8
2023-09-22T23:00:00,20,72.92,0,16.5,78.5
2023-09-23T00:00:00,19,77.55,0,16.5,43.1
2023-09-23T01:00:00,19,77.59,0,14.7,12.4
2023-09-23T02:00:00,18.1,82.44,0,16.5,9.9
2023-09-23T03:00:00,18,82.48,0,16.5,22.2
2023-09-23T04:00:00,18,77.48,0,16.5,25
2023-09-23T05:00:00,18,77.51,0,14.7,27.5
2023-09-23T06:00:00,17.1,82.44,0,14.7,87.7
2023-09-23T07:00:00,17,82.6,0.008,12.9,83.1
2023-09-23T08:00:00,17,82.61,0.001,14.7,90
2023-09-23T09:00:00,18,77.81,0.096,13,92.5
2023-09-23T10:00:00,17,82.79,3.91,12.9,89.6
2023-09-23T11:00:00,16,93.87,3.947,11.1,99.9
2023-09-23T12:00:00,16,99.9,2.937,13,89.7
2023-09-23T13:00:00,16,99.95,0.028,12.8,99.9
2023-09-23T14:00:00,16,93.9,0.017,9.3,89.6
2023-09-23T15:00:00,16,93.9,1.946,9.3,99.9
2023-09-23T16:00:00,16,93.91,0.076,9.3,50.6
2023-09-23T17:00:00,15,93.83,0.064,11.1,50.6
2023-09-23T18:00:00,15,93.82,3.911,7.5,29.9
2023-09-23T19:00:00,15,99.92,0.004,9.3,50.6
2023-09-23T20:00:00,15,93.82,0.01,5.4,29.9
2023-09-23T21:00:00,15,93.82,0,11.1,50.6
2023-09-23T22:00:00,15,93.85,0,7.5,71.4
2023-09-23T23:00:00,14,99.93,0,11.1,29.8
2023-09-24T00:00:00,14,99.95,0,9.3,29.8
2023-09-24T01:00:00,14,99.96,0,11.1,89.6
2023-09-24T02:00:00,14,99.96,0,14.6,89.6
2023-09-24T03:00:00,14,99.96,0,11,89.6
2023-09-24T04:00:00,14,99.97,0,12.8,89.4
2023-09-24T05:00:00,14,99.97,0,14.6,89.3
2023-09-24T06:00:00,14,93.82,0,12.8,89.6
2023-09-24T07:00:00,14,93.81,0,16.3,89.6
2023-09-24T08:00:00,14,93.84,0,16.4,89.6
2023-09-24T09:00:00,14,99.95,0,14.6,89.6
2023-09-24T10:00:00,15,93.76,0,12.9,89.4
2023-09-24T11:00:00,15,93.58,0,16.5,89.5
2023-09-24T12:00:00,16,82.4,0,22.3,89
2023-09-24T13:00:00,17,77.26,0,20.6,50.2
2023-09-24T14:00:00,17,72.38,0,25.9,49.9
2023-09-24T15:00:00,17,67.78,0,31.5,88.6
2023-09-24T16:00:00,16,67.6,0,31.5,49.9
2023-09-24T17:00:00,16,72.21,0,27.6,50.2
2023-09-24T18:00:00,15,71.91,0,25.9,49.9
2023-09-24T19:00:00,15,72.03,0,25.8,49.6
2023-09-24T20:00:00,14,76.83,0,22.2,28.8
2023-09-24T21:00:00,13,81.93,0,13.1,28.5
2023-09-24T22:00:00,12,87.35,0,14.8,0
2023-09-24T23:00:00,11.1,87.28,0,11.3,28.7
2023-09-25T00:00:00,11.1,87.33,0,9.5,28.5
2023-09-25T01:00:00,11.1,87.33,0,7.7,28.5
2023-09-25T02:00:00,11,93.21,0,11.2,28.5
2023-09-25T03:00:00,10,93.2,0,7.7,28.5
2023-09-25T04:00:00,9.1,99.45,0,3.7,28.5
2023-09-25T05:00:00,9.1,93.11,0,5.5,0
2023-09-25T06:00:00,8.1,99.86,0,5.5,0
2023-09-25T07:00:00,8.1,99.91,0,3.7,0
2023-09-25T08:00:00,9,93.39,0,3.7,28.5
2023-09-25T09:00:00,11,81.91,0,9.3,0
2023-09-25T10:00:00,12.1,81.9,0,11.1,20.9
2023-09-25T11:00:00,14,76.84,0,12.8,7.4
2023-09-25T12:00:00,16,72.1,0,18.4,28.9
2023-09-25T13:00:00,16,63.29,0,22.2,88.6
2023-09-25T14:00:00,17,59.46,0,18.3,28.9
2023-09-25T15:00:00,17,59.42,0,18.3,49.7
2023-09-25T16:00:00,17,63.46,0,18.2,50.5
2023-09-25T17:00:00,16,63.25,0,16.5,89.5
2023-09-25T18:00:00,16,67.58,0,14.7,89.2
2023-09-25T19:00:00,15,72.12,0,9.3,28.9
2023-09-25T20:00:00,13,81.96,0,9.3,28.9
2023-09-25T21:00:00,12.1,81.89,0,9.3,87.7
2023-09-25T22:00:00,12,81.87,0,11.1,29.8
2023-09-25T23:00:00,11.1,87.25,0,11.1,50.3
2023-09-26T00:00:00,12.1,81.79,0,12.9,100
2023-09-26T01:00:00,13,76.75,0,14.5,100
2023-09-26T02:00:00,13,76.73,0,12.8,100
2023-09-26T03:00:00,13,76.74,0,12.9,99.8
2023-09-26T04:00:00,12,81.87,0,12.8,50.2
2023-09-26T05:00:00,12,81.99,0,12.9,29.3
2023-09-26T06:00:00,11,87.51,0,14.6,28.7
2023-09-26T07:00:00,11,87.56,0,11.1,28.7
2023-09-26T08:00:00,10.1,93.46,0,12.9,0
2023-09-26T09:00:00,12,87.66,0,16.4,0
2023-09-26T10:00:00,14,82.24,0,20.2,28.5
2023-09-26T11:00:00,15,82.17,0,20.3,28.5
2023-09-26T12:00:00,16.1,77.03,0,23.7,49.2
2023-09-26T13:00:00,18,68.02,0,22.2,88.2
2023-09-26T14:00:00,18,68.02,0,22.2,50
2023-09-26T15:00:00,18,67.98,0,18.3,89.4
2023-09-26T16:00:00,18,67.95,0,14.8,88.6
2023-09-26T17:00:00,18,68.02,0,14.6,50
2023-09-26T18:00:00,17,67.96,0,11,50.2
2023-09-26T19:00:00,16,77.22,0,7.6,29.2
2023-09-26T20:00:00,15,77.16,0,9.3,28.6
2023-09-26T21:00:00,14,82.3,0,12.8,27.8
2023-09-26T22:00:00,13,87.8,0,11.1,0
2023-09-26T23:00:00,13,82.3,0,11,0
2023-09-27T00:00:00,12,87.73,0,11.1,0
2023-09-27T01:00:00,11,93.56,0,7.6,5.2
2023-09-27T02:00:00,11,93.57,0,11,22.2
2023-09-27T03:00:00,11,87.62,0,9.3,41.1
2023-09-27T04:00:00,10.1,93.52,0,7.5,27.5
2023-09-27T05:00:00,11,87.57,0,7.6,90.2
2023-09-27T06:00:00,11.1,87.51,0,7.6,95.2
2023-09-27T07:00:00,11.1,87.49,0,9.4,94.8
2023-09-27T08:00:00,11.1,93.36,0,7.6,97.7
2023-09-27T09:00:00,12.1,87.49,0,9.3,87.1
2023-09-27T10:00:00,13.1,87.49,0,9.4,87.5
2023-09-27T11:00:00,15.1,82.13,0,11.2,49.8
2023-09-27T12:00:00,17,77.29,0,14.7,29.6
2023-09-27T13:00:00,18,77.45,0,12.9,50.7
2023-09-27T14:00:00,18.1,77.48,0,16.5,42.1
2023-09-27T15:00:00,19,77.67,0,18.2,69.3
2023-09-27T16:00:00,20,77.93,0,18.2,29.8
2023-09-27T17:00:00,19,82.86,0,22,50.6
2023-09-27T18:00:00,18,88.16,0,20.2,99.9
2023-09-27T19:00:00,17,93.8,0,16.3,50.4
2023-09-27T20:00:00,17,93.89,0,11.1,87.5
2023-09-27T21:00:00,16,93.88,0,14.7,29.5
2023-09-27T22:00:00,16,93.91,0,16.4,89.2
2023-09-27T23:00:00,16,93.91,0,18.1,89.3
2023-09-28T00:00:00,16,93.9,0,14.6,89.6
2023-09-28T01:00:00,16,93.87,0,14.8,89.5
2023-09-28T02:00:00,16,93.92,0,14.8,89.7
2023-09-28T03:00:00,16,99.98,0,16.5,99.9
2023-09-28T04:00:00,16,93.9,0,14.7,100
2023-09-28T05:00:00,16,93.9,0,11.1,50.7
2023-09-28T06:00:00,15,99.92,0,7.6,29.9
2023-09-28T07:00:00,15,99.96,0,11.1,99.9
2023-09-28T08:00:00,15,93.89,0,11,89.7
2023-09-28T09:00:00,16,88.16,0,11,89.7
2023-09-28T10:00:00,16,88.07,0,11,89.6
2023-09-28T11:00:00,16,88.01,0,12.8,89.7
2023-09-28T12:00:00,17,82.69,0,11.1,89.6
2023-09-28T13:00:00,18,82.62,0,7.5,29.2
2023-09-28T14:00:00,19,73.02,0,7.5,29.5
2023-09-28T15:00:00,19,77.62,0,5.4,28.9
2023-09-28T16:00:00,19.7,74.06,0,7.5,25.6
2023-09-28T17:00:00,20,68.85,0,9.4,29.5
2023-09-28T18:00:00,18,82.63,0,9.4,85.9
2023-09-28T19:00:00,17,88.02,0,9.4,77.3
2023-09-28T20:00:00,16,93.79,0,7.6,50
2023-09-28T21:00:00,17,93.93,0,11.1,99.7
2023-09-28T22:00:00,17,93.92,0,12.9,89.6
2023-09-28T23:00:00,17,93.89,0,12.9,89.3
2023-09-29T00:00:00,17,93.97,0,12.8,99.7
2023-09-29T01:00:00,17,93.95,0,11.1,88.9
2023-09-29T02:00:00,17,93.92,0,11.1,50.5
2023-09-29T03:00:00,16,99.82,0,11.1,0.8
2023-09-29T04:00:00,16,93.77,0,9.4,18.4
2023-09-29T05:00:00,15,93.7,0,7.6,0
2023-09-29T06:00:00,15,93.76,0,11.1,27.5
2023-09-29T07:00:00,15,93.77,0,11.1,40.7
2023-09-29T08:00:00,15,93.78,0,11.1,23.2
2023-09-29T09:00:00,15,93.73,0,12.9,22.2
2023-09-29T10:00:00,16,93.7,0,14.7,51.1
2023-09-29T11:00:00,18,82.71,0,16.4,26
2023-09-29T12:00:00,19,82.69,0,18.1,14
2023-09-29T13:00:00,20,73.18,0,18.4,40.7
2023-09-29T14:00:00,20,77.88,0,20.3,50
2023-09-29T15:00:00,19,82.65,0,22.1,89.2
2023-09-29T16:00:00,19,77.7,0,18.4,50.2
2023-09-29T17:00:00,19,72.89,0,20.4,89.5
2023-09-29T18:00:00,18,77.59,0,22.1,50.2
2023-09-29T19:00:00,17,82.67,0,14.5,25.5
2023-09-29T20:00:00,17,77.64,0.003,12.8,87.5
2023-09-29T21:00:00,16,87.99,0,9.3,50.3
2023-09-29T22:00:00,16,88.12,0,11,29.8
2023-09-29T23:00:00,16,93.85,0.002,9.3,87.7
2023-09-30T00:00:00,16,93.87,0,11.1,50.6
2023-09-30T01:00:00,15,99.83,0,9.4,50.6
2023-09-30T02:00:00,15.1,99.78,0.002,12.9,29.9
2023-09-30T03:00:00,16,93.77,0,12.9,90
2023-09-30T04:00:00,16,93.77,0,14.7,90
2023-09-30T05:00:00,16,93.79,0.002,16.4,50.6
2023-09-30T06:00:00,16,93.8,0.483,18.2,89.6
2023-09-30T07:00:00,16,93.79,0,16.6,89.6
2023-09-30T08:00:00,16,93.86,0.064,16.4,89.6
2023-09-30T09:00:00,16,93.87,0.966,18.3,99.9
2023-09-30T10:00:00,16,99.88,0.053,18.5,89.6
2023-09-30T11:00:00,17,88.12,0.042,24.2,89.5
2023-09-30T12:00:00,17,82.54,1.932,27.7,89.5
2023-09-30T13:00:00,16,82.17,0,36.8,89.1
2023-09-30T14:00:00,16,76.96,0.001,35.1,88.6
2023-09-30T15:00:00,16,67.67,0,29.5,50.2
2023-09-30T16:00:00,15,72.07,0,27.7,89.3
2023-09-30T17:00:00,15,76.88,0,18.6,89
2023-09-30T18:00:00,15,72.13,0,24.2,50.4
2023-09-30T19:00:00,15,72.22,0,20.7,89.4
2023-09-30T20:00:00,13,87.65,0.099,20.4,89.4
2023-09-30T21:00:00,12.1,87.42,0,20.6,88.4
2023-09-30T22:00:00,12.1,93.23,4.734,18.5,88.6
2023-09-30T23:00:00,12.1,93.27,0.002,15,88.3
